{
  "tile_count": 200,
  "mask_mode": "detail_gain",
  "s_thr": 0.25,
  "models": {
    "ref": {
      "tile_count": 200,
      "bg_hf_error": {
        "mean": 0.0,
        "median": 0.0,
        "p10": 0.0,
        "p90": 0.0
      },
      "edge_preserve_error": {
        "mean": 0.0,
        "median": 0.0,
        "p10": 0.0,
        "p90": 0.0
      },
      "edge_over_smooth_ratio": {
        "mean": 0.0,
        "median": 0.0,
        "p10": 0.0,
        "p90": 0.0
      },
      "edge_gmsd": {
        "mean": 0.0,
        "median": 0.0,
        "p10": 0.0,
        "p90": 0.0
      },
      "bg_grad_energy_ratio": {
        "mean": 1.0,
        "median": 1.0,
        "p10": 1.0,
        "p90": 1.0
      },
      "edge_grad_energy_ratio": {
        "mean": 1.0,
        "median": 1.0,
        "p10": 1.0,
        "p90": 1.0
      },
      "structure_alignment_error": {
        "mean": 0.0,
        "median": 0.0,
        "p10": 0.0,
        "p90": 0.0
      },
      "bg_completion": {
        "mean": 1.0,
        "median": 1.0,
        "p10": 1.0,
        "p90": 1.0
      },
      "edge_source_error": {
        "mean": 233.2950892353058,
        "median": 243.8260726928711,
        "p10": 164.4524154663086,
        "p90": 293.02493286132807
      },
      "edge_source_completion": {
        "mean": 0.0,
        "median": 0.0,
        "p10": 0.0,
        "p90": 0.0
      },
      "edge_retention_ratio": {
        "mean": 0.8623859426921442,
        "median": 0.8745554245280108,
        "p10": 0.7955870969980715,
        "p90": 0.9051582032476484
      },
      "edge_oversmooth_vs_src": {
        "mean": 0.5171243378876695,
        "median": 0.503007646259408,
        "p10": 0.4403938457835294,
        "p90": 0.6330131785848695
      },
      "selective_score": {
        "mean": 57.01530614355784,
        "median": 57.24379763352613,
        "p10": 55.29976068913523,
        "p90": 58.11625362151098
      },
      "bg_area_ratio": {
        "mean": 0.7184958457946777,
        "median": 0.7153892517089844,
        "p10": 0.7007331848144531,
        "p90": 0.7365375518798828
      },
      "edge_area_ratio": {
        "mean": 0.28150415420532227,
        "median": 0.2846107482910156,
        "p10": 0.2634624481201172,
        "p90": 0.2992668151855469
      }
    }
  }
}