{
  "tile_count": 200,
  "mask_mode": "detail_gain",
  "s_thr": 0.25,
  "models": {
    "fudan_infer": {
      "tile_count": 200,
      "bg_hf_error": {
        "mean": 35.87501936912537,
        "median": 36.89189338684082,
        "p10": 24.09016399383545,
        "p90": 45.33335571289062
      },
      "edge_preserve_error": {
        "mean": 138.6962338256836,
        "median": 137.25926208496094,
        "p10": 123.6745376586914,
        "p90": 155.9856414794922
      },
      "edge_over_smooth_ratio": {
        "mean": 0.2314662881779357,
        "median": 0.2277331843370487,
        "p10": 0.17942194880162068,
        "p90": 0.2921983199037053
      },
      "edge_gmsd": {
        "mean": 0.09908593311905861,
        "median": 0.09618733450770378,
        "p10": 0.08877056613564491,
        "p90": 0.11431170105934142
      },
      "bg_grad_energy_ratio": {
        "mean": 1.2129760763198256,
        "median": 1.175545002594018,
        "p10": 1.1578478725825323,
        "p90": 1.275937038110633
      },
      "edge_grad_energy_ratio": {
        "mean": 1.0258076342647402,
        "median": 1.0115417816722485,
        "p10": 0.9744004870296291,
        "p90": 1.0914794990168313
      },
      "structure_alignment_error": {
        "mean": 0.03224722404032945,
        "median": 0.0321914441883564,
        "p10": 0.027160811051726345,
        "p90": 0.03842682503163815
      },
      "bg_completion": {
        "mean": 0.4366153325118717,
        "median": 0.4432297561477186,
        "p10": 0.3863112050769483,
        "p90": 0.46518133560515823
      },
      "edge_source_error": {
        "mean": 224.26851844787598,
        "median": 229.16504669189453,
        "p10": 168.2925994873047,
        "p90": 269.2873107910156
      },
      "edge_source_completion": {
        "mean": 0.11216528071306003,
        "median": 0.1067979082359638,
        "p10": -0.12907569922055193,
        "p90": 0.3523213287682321
      },
      "edge_retention_ratio": {
        "mean": 0.8772070941883297,
        "median": 0.8741234722110616,
        "p10": 0.8521819507942922,
        "p90": 0.9067700286440332
      },
      "edge_oversmooth_vs_src": {
        "mean": 0.564196511217938,
        "median": 0.5743082618039299,
        "p10": 0.4910218757000721,
        "p90": 0.6199969164965099
      },
      "selective_score": {
        "mean": 35.24156879404803,
        "median": 35.46585481667352,
        "p10": 27.45952911791132,
        "p90": 42.05480023914751
      },
      "bg_area_ratio": {
        "mean": 0.7167949676513672,
        "median": 0.7145900726318359,
        "p10": 0.7010299682617187,
        "p90": 0.7339027404785157
      },
      "edge_area_ratio": {
        "mean": 0.2832050323486328,
        "median": 0.28540992736816406,
        "p10": 0.2660972595214844,
        "p90": 0.29897003173828124
      }
    },
    "best_loss": {
      "tile_count": 200,
      "bg_hf_error": {
        "mean": 17.820401577949525,
        "median": 18.083382606506348,
        "p10": 13.211533546447754,
        "p90": 21.843607521057127
      },
      "edge_preserve_error": {
        "mean": 153.43613048553468,
        "median": 152.63902282714844,
        "p10": 77.08528366088868,
        "p90": 233.80059814453125
      },
      "edge_over_smooth_ratio": {
        "mean": 0.30433406887122316,
        "median": 0.3110300487530536,
        "p10": 0.15242050883143263,
        "p90": 0.43535933599548554
      },
      "edge_gmsd": {
        "mean": 0.0958553685247898,
        "median": 0.09768174588680267,
        "p10": 0.0723714992403984,
        "p90": 0.1153407484292984
      },
      "bg_grad_energy_ratio": {
        "mean": 1.0982844983931919,
        "median": 1.0769494708304874,
        "p10": 1.0497588271287988,
        "p90": 1.1593314023922288
      },
      "edge_grad_energy_ratio": {
        "mean": 0.9408921968950905,
        "median": 0.9321682314638748,
        "p10": 0.8924647690455025,
        "p90": 1.0131013954997086
      },
      "structure_alignment_error": {
        "mean": 0.03250557927880436,
        "median": 0.034411147236824036,
        "p10": 0.01763749234378338,
        "p90": 0.044555210322141645
      },
      "bg_completion": {
        "mean": 0.7160381105844797,
        "median": 0.7271216015077262,
        "p10": 0.6634442998248962,
        "p90": 0.7431013391703057
      },
      "edge_source_error": {
        "mean": 358.0058267211914,
        "median": 365.08447265625,
        "p10": 268.12879333496096,
        "p90": 428.7296844482422
      },
      "edge_source_completion": {
        "mean": -0.41747228426537475,
        "median": -0.42188885898502115,
        "p10": -0.7975799100733759,
        "p90": -0.0419501177435642
      },
      "edge_retention_ratio": {
        "mean": 0.8049161366436288,
        "median": 0.8005710192778611,
        "p10": 0.7672232716556985,
        "p90": 0.8496570777509516
      },
      "edge_oversmooth_vs_src": {
        "mean": 0.6228368531164606,
        "median": 0.6265345484780391,
        "p10": 0.563791648456049,
        "p90": 0.6729545897609921
      },
      "selective_score": {
        "mean": 28.089450967879106,
        "median": 28.49561978081391,
        "p10": 15.556426199399262,
        "p90": 39.75054224794289
      },
      "bg_area_ratio": {
        "mean": 0.7167949676513672,
        "median": 0.7145900726318359,
        "p10": 0.7010299682617187,
        "p90": 0.7339027404785157
      },
      "edge_area_ratio": {
        "mean": 0.2832050323486328,
        "median": 0.28540992736816406,
        "p10": 0.2660972595214844,
        "p90": 0.29897003173828124
      }
    }
  }
}