{
  "tile_count": 18420,
  "mask_mode": "detail_gain",
  "s_thr": 0.25,
  "models": {
    "ref": {
      "tile_count": 18420,
      "bg_hf_error": {
        "mean": 0.0,
        "median": 0.0,
        "p10": 0.0,
        "p90": 0.0
      },
      "edge_preserve_error": {
        "mean": 0.0,
        "median": 0.0,
        "p10": 0.0,
        "p90": 0.0
      },
      "edge_over_smooth_ratio": {
        "mean": 0.0,
        "median": 0.0,
        "p10": 0.0,
        "p90": 0.0
      },
      "edge_gmsd": {
        "mean": 0.0,
        "median": 0.0,
        "p10": 0.0,
        "p90": 0.0
      },
      "bg_grad_energy_ratio": {
        "mean": 1.0,
        "median": 1.0,
        "p10": 1.0,
        "p90": 1.0
      },
      "edge_grad_energy_ratio": {
        "mean": 1.0,
        "median": 1.0,
        "p10": 1.0,
        "p90": 1.0
      },
      "structure_alignment_error": {
        "mean": 0.0,
        "median": 0.0,
        "p10": 0.0,
        "p90": 0.0
      },
      "bg_completion": {
        "mean": 1.0,
        "median": 1.0,
        "p10": 1.0,
        "p90": 1.0
      },
      "edge_source_error": {
        "mean": 219.0453702613663,
        "median": 186.16720581054688,
        "p10": 21.128637695312502,
        "p90": 479.42003479003915
      },
      "edge_source_completion": {
        "mean": 0.0,
        "median": 0.0,
        "p10": 0.0,
        "p90": 0.0
      },
      "edge_retention_ratio": {
        "mean": 0.8168690252910011,
        "median": 0.8305250517926887,
        "p10": 0.6735309832174096,
        "p90": 0.9497069359062441
      },
      "edge_oversmooth_vs_src": {
        "mean": 0.567315007524113,
        "median": 0.5754281948945967,
        "p10": 0.3772513378420624,
        "p90": 0.7582350012794722
      },
      "selective_score": {
        "mean": 56.13409180218388,
        "median": 56.161996763749514,
        "p10": 53.02646872568293,
        "p90": 59.13209807928004
      },
      "bg_area_ratio": {
        "mean": 0.7388443262388082,
        "median": 0.7366409301757812,
        "p10": 0.7039104461669922,
        "p90": 0.7777332305908203
      },
      "edge_area_ratio": {
        "mean": 0.26115567376119175,
        "median": 0.26335906982421875,
        "p10": 0.2222667694091797,
        "p90": 0.29608955383300783
      }
    }
  }
}