{
  "tile_count": 1920,
  "mask_mode": "detail_gain",
  "s_thr": 0.25,
  "models": {
    "fudan_infer": {
      "tile_count": 1920,
      "bg_hf_error": {
        "mean": 20.149452472602327,
        "median": 14.345866203308105,
        "p10": 4.140853309631348,
        "p90": 41.31927642822266
      },
      "edge_preserve_error": {
        "mean": 96.47061094592014,
        "median": 111.61198425292969,
        "p10": 19.057744026184082,
        "p90": 156.56458587646486
      },
      "edge_over_smooth_ratio": {
        "mean": 0.19935491946891643,
        "median": 0.20058299276293556,
        "p10": 0.13038909492337536,
        "p90": 0.26336788091822516
      },
      "edge_gmsd": {
        "mean": 0.1192373444365027,
        "median": 0.10785206407308578,
        "p10": 0.09031324610114097,
        "p90": 0.1617872014641762
      },
      "bg_grad_energy_ratio": {
        "mean": 1.5091362911863928,
        "median": 1.3276470286951416,
        "p10": 1.1640379882343108,
        "p90": 2.027280226008084
      },
      "edge_grad_energy_ratio": {
        "mean": 1.086516550031529,
        "median": 1.0550502214827726,
        "p10": 0.9931096011017946,
        "p90": 1.2085077242031619
      },
      "structure_alignment_error": {
        "mean": 0.03758284959427935,
        "median": 0.03191917762160301,
        "p10": 0.01938995849341154,
        "p90": 0.0634334519505501
      },
      "bg_completion": {
        "mean": 0.23531496203021246,
        "median": 0.37601820049835877,
        "p10": -0.18149579284962805,
        "p90": 0.4525238278888739
      },
      "edge_source_error": {
        "mean": 145.53645834078392,
        "median": 160.07147216796875,
        "p10": 9.554212379455567,
        "p90": 272.491537475586
      },
      "edge_source_completion": {
        "mean": 0.25620873369655617,
        "median": 0.2516210712557398,
        "p10": -0.03818485874485036,
        "p90": 0.5461906880200944
      },
      "edge_retention_ratio": {
        "mean": 0.9102204471821919,
        "median": 0.8939624227863877,
        "p10": 0.8551138689175078,
        "p90": 1.0110260848113297
      },
      "edge_oversmooth_vs_src": {
        "mean": 0.45562795407817247,
        "median": 0.5052348760637105,
        "p10": 0.18522950162607482,
        "p90": 0.6065268704743958
      },
      "selective_score": {
        "mean": 32.5852236384568,
        "median": 34.61866211429093,
        "p10": 23.76505579187789,
        "p90": 42.521122389405356
      },
      "bg_area_ratio": {
        "mean": 0.7319838960965475,
        "median": 0.7221183776855469,
        "p10": 0.6963611602783203,
        "p90": 0.7772941589355469
      },
      "edge_area_ratio": {
        "mean": 0.26801610390345254,
        "median": 0.2778816223144531,
        "p10": 0.22270584106445312,
        "p90": 0.3036388397216797
      }
    },
    "best_loss": {
      "tile_count": 1920,
      "bg_hf_error": {
        "mean": 11.21942116357386,
        "median": 9.02863597869873,
        "p10": 3.6921581745147707,
        "p90": 20.500827217102053
      },
      "edge_preserve_error": {
        "mean": 103.29610177477201,
        "median": 95.51871871948242,
        "p10": 18.017449378967285,
        "p90": 208.18417205810547
      },
      "edge_over_smooth_ratio": {
        "mean": 0.2352785592724111,
        "median": 0.21622579061664832,
        "p10": 0.11978709140472406,
        "p90": 0.39186772749184057
      },
      "edge_gmsd": {
        "mean": 0.11552709281871405,
        "median": 0.108983114361763,
        "p10": 0.08096001669764519,
        "p90": 0.1621371626853943
      },
      "bg_grad_energy_ratio": {
        "mean": 1.3971434150152626,
        "median": 1.2404326006839868,
        "p10": 1.064796925633275,
        "p90": 1.8504717332484533
      },
      "edge_grad_energy_ratio": {
        "mean": 1.0198189341844714,
        "median": 0.9800786917594773,
        "p10": 0.9062235258851047,
        "p90": 1.1413052380940503
      },
      "structure_alignment_error": {
        "mean": 0.037764165954528535,
        "median": 0.032840197905898094,
        "p10": 0.016051934845745564,
        "p90": 0.07447554841637617
      },
      "bg_completion": {
        "mean": 0.45044581891367663,
        "median": 0.6129265028993844,
        "p10": -0.10366209398671763,
        "p90": 0.7310730242945114
      },
      "edge_source_error": {
        "mean": 231.82499640931687,
        "median": 255.87824249267578,
        "p10": 12.352001667022705,
        "p90": 434.9878570556641
      },
      "edge_source_completion": {
        "mean": -0.16178410620264919,
        "median": -0.19765436007035653,
        "p10": -0.6612219592203493,
        "p90": 0.3894089163083837
      },
      "edge_retention_ratio": {
        "mean": 0.8555587624380266,
        "median": 0.8312863685331359,
        "p10": 0.7723591934227553,
        "p90": 1.0104109234000886
      },
      "edge_oversmooth_vs_src": {
        "mean": 0.5203535760421117,
        "median": 0.5768902204406577,
        "p10": 0.222933205071642,
        "p90": 0.6583100096195492
      },
      "selective_score": {
        "mean": 26.540303615503536,
        "median": 26.66292298324968,
        "p10": 13.616790283977451,
        "p90": 39.60507954214444
      },
      "bg_area_ratio": {
        "mean": 0.7319838960965475,
        "median": 0.7221183776855469,
        "p10": 0.6963611602783203,
        "p90": 0.7772941589355469
      },
      "edge_area_ratio": {
        "mean": 0.26801610390345254,
        "median": 0.2778816223144531,
        "p10": 0.22270584106445312,
        "p90": 0.3036388397216797
      }
    }
  }
}